"","title","geo_accession","status","submission_date","last_update_date","type","channel_count","source_name_ch1","organism_ch1","characteristics_ch1","characteristics_ch1.1","characteristics_ch1.2","characteristics_ch1.3","molecule_ch1","extract_protocol_ch1","extract_protocol_ch1.1","taxid_ch1","description","data_processing","data_processing.1","data_processing.2","data_processing.3","data_processing.4","data_processing.5","data_processing.6","platform_id","contact_name","contact_email","contact_phone","contact_laboratory","contact_department","contact_institute","contact_address","contact_city","contact_state","contact_zip/postal_code","contact_country","data_row_count","instrument_model","library_selection","library_source","library_strategy","relation","relation.1","supplementary_file_1","clinical diagnosis:ch1","dystrophin mutation (hgvs_genomic_grch37 of cdna):ch1","presenting symptoms (age at onset):ch1","tissue:ch1"
"GSM5350068","Type3_Intron60 [10869X3]","GSM5350068","Public on May 06 2022","Jun 01 2021","May 06 2022","SRA","1","Skeletal muscle ","Homo sapiens","presenting symptoms (age at onset): Abnormal gait, frequent falls, difficulty climbing stairs, thigh pain (2y)","clinical diagnosis: DMD","dystrophin mutation (hgvs_genomic_grch37 of cdna): NC_000023.10:g.8135000_31427000inv","tissue: Skeletal muscle","total RNA","Frozen muscle biopsies (~ 4 milligrams) were cut on a cryostat (20 microns) and homogenized with a 26-gauge needle in 400 microliters of 20 mM Tris*Cl pH 7.4, 150 mM NaCl, 5 mM MgCl2, 1 mM DTT, and 1% Triton X-100.  RNA was extracted using TRIzol® and precipitated with isopropanol according to the manufacturer’s instruction (Life Technologies).","Total RNA (~1 microgram) was depleted of human cytoplasmic and mitochondrial rRNA using tiling oligodeoxynucleotides and the RNase H digestion method (Adiconis et al., 2013; DOI: 10.1038/nmeth.2483).  Illumina TruSeq Stranded Total RNA library kits were used to prepare indexed libraries.","9606","10869X3_140523_D00294_0097_BC4WJ8ACXX_7","Single-end and Paired-end FASTQ reads were preprocessed using Trimmomatic for adaptor removal and with the quality filtering/clipping MAXINFO parameter set to 50:0.2 (Bolger, Lohse, & Usadel, 2014; DOI: 10.1093/bioinformatics/btu170) .","Trimmed reads were mapped by the STAR RNA-seq aligner (version 2.7.2b; Dobin et al., 2013; DOI: 10.1093/bioinformatics/bts635) to the GRCh37/hg19 reference genome with splice junction annotations built using the basic 2-pass mapping strategy with known junctions from the GENCODE comprehensive gene annotation GTF file (Release 31lift37, https://www.gencodegenes.org) and novel junctions detected in the first pass mapping.  Sorted bam alignments files were filtered for secondary alignments and retained only uniquely mapped reads.","The featureCounts program (version 1.6.5) was used to summarize the gene level expression values as integer number (Liao et al., 2014; DOI: 10.1093/bioinformatics/btt656).","Coverage analysis used the BEDTools genomecov function with the UCSC bedGraphToBigWig utility.","Genome_build: GRCh37/hg19","Supplementary_files_format_and_content: tab-delimited text file includes raw counts for each sample extracted by featureCounts","Supplementary_files_format_and_content: bigWig coverage files from bam alignment files for each sample","GPL11154","Robert,B,Weiss","bob.weiss@genetics.utah.edu","(801) 585-5606","EIHG, Rm 2260B","Human Genetics","University of Utah","15 N 2030 E","Salt Lake City","UT","84112","USA","0","Illumina HiSeq 2000","cDNA","transcriptomic","RNA-Seq","BioSample: https://www.ncbi.nlm.nih.gov/biosample/SAMN19473680","SRA: https://www.ncbi.nlm.nih.gov/sra?term=SRX11036362","ftp://ftp.ncbi.nlm.nih.gov/geo/samples/GSM5350nnn/GSM5350068/suppl/GSM5350068_10869X3_hg19.bw","DMD","NC_000023.10:g.8135000_31427000inv","Abnormal gait, frequent falls, difficulty climbing stairs, thigh pain (2y)","Skeletal muscle"
"GSM5350069","Type1C_Intron61 [11015X12]","GSM5350069","Public on May 06 2022","Jun 01 2021","May 06 2022","SRA","1","Skeletal muscle ","Homo sapiens","presenting symptoms (age at onset): muscle pain after play (4y)","clinical diagnosis: Hyper CK / BMD","dystrophin mutation (hgvs_genomic_grch37 of cdna): NM_004006.2:c.9163+2510G>A","tissue: Skeletal muscle","total RNA","Frozen muscle biopsies (~ 4 milligrams) were cut on a cryostat (20 microns) and homogenized with a 26-gauge needle in 400 microliters of 20 mM Tris*Cl pH 7.4, 150 mM NaCl, 5 mM MgCl2, 1 mM DTT, and 1% Triton X-100.  RNA was extracted using TRIzol® and precipitated with isopropanol according to the manufacturer’s instruction (Life Technologies).","Total RNA (~1 microgram) was depleted of human cytoplasmic and mitochondrial rRNA using tiling oligodeoxynucleotides and the RNase H digestion method (Adiconis et al., 2013; DOI: 10.1038/nmeth.2483).  Illumina TruSeq Stranded Total RNA library kits were used to prepare indexed libraries.","9606","11015X12_140919_D00294_0133_AC4P3VANXX_1","Single-end and Paired-end FASTQ reads were preprocessed using Trimmomatic for adaptor removal and with the quality filtering/clipping MAXINFO parameter set to 50:0.2 (Bolger, Lohse, & Usadel, 2014; DOI: 10.1093/bioinformatics/btu170) .","Trimmed reads were mapped by the STAR RNA-seq aligner (version 2.7.2b; Dobin et al., 2013; DOI: 10.1093/bioinformatics/bts635) to the GRCh37/hg19 reference genome with splice junction annotations built using the basic 2-pass mapping strategy with known junctions from the GENCODE comprehensive gene annotation GTF file (Release 31lift37, https://www.gencodegenes.org) and novel junctions detected in the first pass mapping.  Sorted bam alignments files were filtered for secondary alignments and retained only uniquely mapped reads.","The featureCounts program (version 1.6.5) was used to summarize the gene level expression values as integer number (Liao et al., 2014; DOI: 10.1093/bioinformatics/btt656).","Coverage analysis used the BEDTools genomecov function with the UCSC bedGraphToBigWig utility.","Genome_build: GRCh37/hg19","Supplementary_files_format_and_content: tab-delimited text file includes raw counts for each sample extracted by featureCounts","Supplementary_files_format_and_content: bigWig coverage files from bam alignment files for each sample","GPL11154","Robert,B,Weiss","bob.weiss@genetics.utah.edu","(801) 585-5606","EIHG, Rm 2260B","Human Genetics","University of Utah","15 N 2030 E","Salt Lake City","UT","84112","USA","0","Illumina HiSeq 2000","cDNA","transcriptomic","RNA-Seq","BioSample: https://www.ncbi.nlm.nih.gov/biosample/SAMN19473679","SRA: https://www.ncbi.nlm.nih.gov/sra?term=SRX11036363","ftp://ftp.ncbi.nlm.nih.gov/geo/samples/GSM5350nnn/GSM5350069/suppl/GSM5350069_11015X12_hg19.bw","Hyper CK / BMD","NM_004006.2:c.9163+2510G>A","muscle pain after play (4y)","Skeletal muscle"
"GSM5350070","Type1A_Intron26 [11183X8]","GSM5350070","Public on May 06 2022","Jun 01 2021","May 06 2022","SRA","1","Skeletal muscle ","Homo sapiens","presenting symptoms (age at onset): not reported","clinical diagnosis: DMD","dystrophin mutation (hgvs_genomic_grch37 of cdna): NM_004006.2:c.3603+820G>T","tissue: Skeletal muscle","total RNA","Frozen muscle biopsies (~ 4 milligrams) were cut on a cryostat (20 microns) and homogenized with a 26-gauge needle in 400 microliters of 20 mM Tris*Cl pH 7.4, 150 mM NaCl, 5 mM MgCl2, 1 mM DTT, and 1% Triton X-100.  RNA was extracted using TRIzol® and precipitated with isopropanol according to the manufacturer’s instruction (Life Technologies).","Total RNA (~1 microgram) was depleted of human cytoplasmic and mitochondrial rRNA using tiling oligodeoxynucleotides and the RNase H digestion method (Adiconis et al., 2013; DOI: 10.1038/nmeth.2483).  Illumina TruSeq Stranded Total RNA library kits were used to prepare indexed libraries.","9606","11183X8_141030_D00294_0139_BC5N8YANXX","Single-end and Paired-end FASTQ reads were preprocessed using Trimmomatic for adaptor removal and with the quality filtering/clipping MAXINFO parameter set to 50:0.2 (Bolger, Lohse, & Usadel, 2014; DOI: 10.1093/bioinformatics/btu170) .","Trimmed reads were mapped by the STAR RNA-seq aligner (version 2.7.2b; Dobin et al., 2013; DOI: 10.1093/bioinformatics/bts635) to the GRCh37/hg19 reference genome with splice junction annotations built using the basic 2-pass mapping strategy with known junctions from the GENCODE comprehensive gene annotation GTF file (Release 31lift37, https://www.gencodegenes.org) and novel junctions detected in the first pass mapping.  Sorted bam alignments files were filtered for secondary alignments and retained only uniquely mapped reads.","The featureCounts program (version 1.6.5) was used to summarize the gene level expression values as integer number (Liao et al., 2014; DOI: 10.1093/bioinformatics/btt656).","Coverage analysis used the BEDTools genomecov function with the UCSC bedGraphToBigWig utility.","Genome_build: GRCh37/hg19","Supplementary_files_format_and_content: tab-delimited text file includes raw counts for each sample extracted by featureCounts","Supplementary_files_format_and_content: bigWig coverage files from bam alignment files for each sample","GPL11154","Robert,B,Weiss","bob.weiss@genetics.utah.edu","(801) 585-5606","EIHG, Rm 2260B","Human Genetics","University of Utah","15 N 2030 E","Salt Lake City","UT","84112","USA","0","Illumina HiSeq 2000","cDNA","transcriptomic","RNA-Seq","BioSample: https://www.ncbi.nlm.nih.gov/biosample/SAMN19473677","SRA: https://www.ncbi.nlm.nih.gov/sra?term=SRX11036353","ftp://ftp.ncbi.nlm.nih.gov/geo/samples/GSM5350nnn/GSM5350070/suppl/GSM5350070_11183X8_hg19.bw","DMD","NM_004006.2:c.3603+820G>T","not reported","Skeletal muscle"
"GSM5350071","Type1A_Intron47 [11689X20]","GSM5350071","Public on May 06 2022","Jun 01 2021","May 06 2022","SRA","1","Skeletal muscle ","Homo sapiens","presenting symptoms (age at onset): pain in legs (3.5y)","clinical diagnosis: BMD","dystrophin mutation (hgvs_genomic_grch37 of cdna): NM_004006.2:c.6913-5879A>G","tissue: Skeletal muscle","total RNA","Frozen muscle biopsies (~ 4 milligrams) were cut on a cryostat (20 microns) and homogenized with a 26-gauge needle in 400 microliters of 20 mM Tris*Cl pH 7.4, 150 mM NaCl, 5 mM MgCl2, 1 mM DTT, and 1% Triton X-100.  RNA was extracted using TRIzol® and precipitated with isopropanol according to the manufacturer’s instruction (Life Technologies).","Total RNA (~1 microgram) was depleted of human cytoplasmic and mitochondrial rRNA using tiling oligodeoxynucleotides and the RNase H digestion method (Adiconis et al., 2013; DOI: 10.1038/nmeth.2483).  Illumina TruSeq Stranded Total RNA library kits were used to prepare indexed libraries.","9606","11689X20_150720_D00550_0275_AC7GAGANXX_3","Single-end and Paired-end FASTQ reads were preprocessed using Trimmomatic for adaptor removal and with the quality filtering/clipping MAXINFO parameter set to 50:0.2 (Bolger, Lohse, & Usadel, 2014; DOI: 10.1093/bioinformatics/btu170) .","Trimmed reads were mapped by the STAR RNA-seq aligner (version 2.7.2b; Dobin et al., 2013; DOI: 10.1093/bioinformatics/bts635) to the GRCh37/hg19 reference genome with splice junction annotations built using the basic 2-pass mapping strategy with known junctions from the GENCODE comprehensive gene annotation GTF file (Release 31lift37, https://www.gencodegenes.org) and novel junctions detected in the first pass mapping.  Sorted bam alignments files were filtered for secondary alignments and retained only uniquely mapped reads.","The featureCounts program (version 1.6.5) was used to summarize the gene level expression values as integer number (Liao et al., 2014; DOI: 10.1093/bioinformatics/btt656).","Coverage analysis used the BEDTools genomecov function with the UCSC bedGraphToBigWig utility.","Genome_build: GRCh37/hg19","Supplementary_files_format_and_content: tab-delimited text file includes raw counts for each sample extracted by featureCounts","Supplementary_files_format_and_content: bigWig coverage files from bam alignment files for each sample","GPL11154","Robert,B,Weiss","bob.weiss@genetics.utah.edu","(801) 585-5606","EIHG, Rm 2260B","Human Genetics","University of Utah","15 N 2030 E","Salt Lake City","UT","84112","USA","0","Illumina HiSeq 2000","cDNA","transcriptomic","RNA-Seq","BioSample: https://www.ncbi.nlm.nih.gov/biosample/SAMN19473676","SRA: https://www.ncbi.nlm.nih.gov/sra?term=SRX11036354","ftp://ftp.ncbi.nlm.nih.gov/geo/samples/GSM5350nnn/GSM5350071/suppl/GSM5350071_11689X20_hg19.bw","BMD","NM_004006.2:c.6913-5879A>G","pain in legs (3.5y)","Skeletal muscle"
"GSM5350072","Type1A_Intron44 [11689X23]","GSM5350072","Public on May 06 2022","Jun 01 2021","May 06 2022","SRA","1","Skeletal muscle ","Homo sapiens","presenting symptoms (age at onset): incidental finding of elevated AST","clinical diagnosis: BMD","dystrophin mutation (hgvs_genomic_grch37 of cdna): NM_004006.2:c.6438+47818G>T","tissue: Skeletal muscle","total RNA","Frozen muscle biopsies (~ 4 milligrams) were cut on a cryostat (20 microns) and homogenized with a 26-gauge needle in 400 microliters of 20 mM Tris*Cl pH 7.4, 150 mM NaCl, 5 mM MgCl2, 1 mM DTT, and 1% Triton X-100.  RNA was extracted using TRIzol® and precipitated with isopropanol according to the manufacturer’s instruction (Life Technologies).","Total RNA (~1 microgram) was depleted of human cytoplasmic and mitochondrial rRNA using tiling oligodeoxynucleotides and the RNase H digestion method (Adiconis et al., 2013; DOI: 10.1038/nmeth.2483).  Illumina TruSeq Stranded Total RNA library kits were used to prepare indexed libraries.","9606","11689X23_150720_D00550_0275_AC7GAGANXX_3","Single-end and Paired-end FASTQ reads were preprocessed using Trimmomatic for adaptor removal and with the quality filtering/clipping MAXINFO parameter set to 50:0.2 (Bolger, Lohse, & Usadel, 2014; DOI: 10.1093/bioinformatics/btu170) .","Trimmed reads were mapped by the STAR RNA-seq aligner (version 2.7.2b; Dobin et al., 2013; DOI: 10.1093/bioinformatics/bts635) to the GRCh37/hg19 reference genome with splice junction annotations built using the basic 2-pass mapping strategy with known junctions from the GENCODE comprehensive gene annotation GTF file (Release 31lift37, https://www.gencodegenes.org) and novel junctions detected in the first pass mapping.  Sorted bam alignments files were filtered for secondary alignments and retained only uniquely mapped reads.","The featureCounts program (version 1.6.5) was used to summarize the gene level expression values as integer number (Liao et al., 2014; DOI: 10.1093/bioinformatics/btt656).","Coverage analysis used the BEDTools genomecov function with the UCSC bedGraphToBigWig utility.","Genome_build: GRCh37/hg19","Supplementary_files_format_and_content: tab-delimited text file includes raw counts for each sample extracted by featureCounts","Supplementary_files_format_and_content: bigWig coverage files from bam alignment files for each sample","GPL11154","Robert,B,Weiss","bob.weiss@genetics.utah.edu","(801) 585-5606","EIHG, Rm 2260B","Human Genetics","University of Utah","15 N 2030 E","Salt Lake City","UT","84112","USA","0","Illumina HiSeq 2000","cDNA","transcriptomic","RNA-Seq","BioSample: https://www.ncbi.nlm.nih.gov/biosample/SAMN19473675","SRA: https://www.ncbi.nlm.nih.gov/sra?term=SRX11036355","ftp://ftp.ncbi.nlm.nih.gov/geo/samples/GSM5350nnn/GSM5350072/suppl/GSM5350072_11689X23_hg19.bw","BMD","NM_004006.2:c.6438+47818G>T","incidental finding of elevated AST","Skeletal muscle"
"GSM5350073","Type2_Intron1 [13707X5]","GSM5350073","Public on May 06 2022","Jun 01 2021","May 06 2022","SRA","1","Skeletal muscle ","Homo sapiens","presenting symptoms (age at onset): lower limb weakness, abnormal gait, elevated CK (5y)","clinical diagnosis: DMD","dystrophin mutation (hgvs_genomic_grch37 of cdna): NC_000023.10:g.(?_33112674)ins[g.(13782326_?)]","tissue: Skeletal muscle","total RNA","Frozen muscle biopsies (~ 4 milligrams) were cut on a cryostat (20 microns) and homogenized with a 26-gauge needle in 400 microliters of 20 mM Tris*Cl pH 7.4, 150 mM NaCl, 5 mM MgCl2, 1 mM DTT, and 1% Triton X-100.  RNA was extracted using TRIzol® and precipitated with isopropanol according to the manufacturer’s instruction (Life Technologies).","Total RNA (~1 microgram) was depleted of human cytoplasmic and mitochondrial rRNA using tiling oligodeoxynucleotides and the RNase H digestion method (Adiconis et al., 2013; DOI: 10.1038/nmeth.2483).  Illumina TruSeq Stranded Total RNA library kits were used to prepare indexed libraries.","9606","13707X5_160923_D00550_0378_AC9T73ANXX_8","Single-end and Paired-end FASTQ reads were preprocessed using Trimmomatic for adaptor removal and with the quality filtering/clipping MAXINFO parameter set to 50:0.2 (Bolger, Lohse, & Usadel, 2014; DOI: 10.1093/bioinformatics/btu170) .","Trimmed reads were mapped by the STAR RNA-seq aligner (version 2.7.2b; Dobin et al., 2013; DOI: 10.1093/bioinformatics/bts635) to the GRCh37/hg19 reference genome with splice junction annotations built using the basic 2-pass mapping strategy with known junctions from the GENCODE comprehensive gene annotation GTF file (Release 31lift37, https://www.gencodegenes.org) and novel junctions detected in the first pass mapping.  Sorted bam alignments files were filtered for secondary alignments and retained only uniquely mapped reads.","The featureCounts program (version 1.6.5) was used to summarize the gene level expression values as integer number (Liao et al., 2014; DOI: 10.1093/bioinformatics/btt656).","Coverage analysis used the BEDTools genomecov function with the UCSC bedGraphToBigWig utility.","Genome_build: GRCh37/hg19","Supplementary_files_format_and_content: tab-delimited text file includes raw counts for each sample extracted by featureCounts","Supplementary_files_format_and_content: bigWig coverage files from bam alignment files for each sample","GPL11154","Robert,B,Weiss","bob.weiss@genetics.utah.edu","(801) 585-5606","EIHG, Rm 2260B","Human Genetics","University of Utah","15 N 2030 E","Salt Lake City","UT","84112","USA","0","Illumina HiSeq 2000","cDNA","transcriptomic","RNA-Seq","BioSample: https://www.ncbi.nlm.nih.gov/biosample/SAMN19473674","SRA: https://www.ncbi.nlm.nih.gov/sra?term=SRX11036356","ftp://ftp.ncbi.nlm.nih.gov/geo/samples/GSM5350nnn/GSM5350073/suppl/GSM5350073_13707X5_hg19.bw","DMD","NC_000023.10:g.(?_33112674)ins[g.(13782326_?)]","lower limb weakness, abnormal gait, elevated CK (5y)","Skeletal muscle"
"GSM5350074","Type1B_Intron22 [14857X11]","GSM5350074","Public on May 06 2022","Jun 01 2021","May 06 2022","SRA","1","Skeletal muscle ","Homo sapiens","presenting symptoms (age at onset): none","clinical diagnosis: Hyper CK / BMD","dystrophin mutation (hgvs_genomic_grch37 of cdna): NM_004006.2:c.2949+909C>T","tissue: Skeletal muscle","total RNA","Frozen muscle biopsies (~ 4 milligrams) were cut on a cryostat (20 microns) and homogenized with a 26-gauge needle in 400 microliters of 20 mM Tris*Cl pH 7.4, 150 mM NaCl, 5 mM MgCl2, 1 mM DTT, and 1% Triton X-100.  RNA was extracted using TRIzol® and precipitated with isopropanol according to the manufacturer’s instruction (Life Technologies).","Total RNA (~1 microgram) was depleted of human cytoplasmic and mitochondrial rRNA using tiling oligodeoxynucleotides and the RNase H digestion method (Adiconis et al., 2013; DOI: 10.1038/nmeth.2483).  Illumina TruSeq Stranded Total RNA library kits were used to prepare indexed libraries.","9606","14857X11_180124_D00294_0371_ACC69YANXX_1","Single-end and Paired-end FASTQ reads were preprocessed using Trimmomatic for adaptor removal and with the quality filtering/clipping MAXINFO parameter set to 50:0.2 (Bolger, Lohse, & Usadel, 2014; DOI: 10.1093/bioinformatics/btu170) .","Trimmed reads were mapped by the STAR RNA-seq aligner (version 2.7.2b; Dobin et al., 2013; DOI: 10.1093/bioinformatics/bts635) to the GRCh37/hg19 reference genome with splice junction annotations built using the basic 2-pass mapping strategy with known junctions from the GENCODE comprehensive gene annotation GTF file (Release 31lift37, https://www.gencodegenes.org) and novel junctions detected in the first pass mapping.  Sorted bam alignments files were filtered for secondary alignments and retained only uniquely mapped reads.","The featureCounts program (version 1.6.5) was used to summarize the gene level expression values as integer number (Liao et al., 2014; DOI: 10.1093/bioinformatics/btt656).","Coverage analysis used the BEDTools genomecov function with the UCSC bedGraphToBigWig utility.","Genome_build: GRCh37/hg19","Supplementary_files_format_and_content: tab-delimited text file includes raw counts for each sample extracted by featureCounts","Supplementary_files_format_and_content: bigWig coverage files from bam alignment files for each sample","GPL11154","Robert,B,Weiss","bob.weiss@genetics.utah.edu","(801) 585-5606","EIHG, Rm 2260B","Human Genetics","University of Utah","15 N 2030 E","Salt Lake City","UT","84112","USA","0","Illumina HiSeq 2000","cDNA","transcriptomic","RNA-Seq","BioSample: https://www.ncbi.nlm.nih.gov/biosample/SAMN19473685","SRA: https://www.ncbi.nlm.nih.gov/sra?term=SRX11036357","ftp://ftp.ncbi.nlm.nih.gov/geo/samples/GSM5350nnn/GSM5350074/suppl/GSM5350074_14857X11_hg19.bw","Hyper CK / BMD","NM_004006.2:c.2949+909C>T","none","Skeletal muscle"
"GSM5350075","Type1C_Intron43 [14857X12]","GSM5350075","Public on May 06 2022","Jun 01 2021","May 06 2022","SRA","1","Skeletal muscle ","Homo sapiens","presenting symptoms (age at onset): mild proximal weakness, calf hypertrophy, CK 10,000s","clinical diagnosis: BMD","dystrophin mutation (hgvs_genomic_grch37 of cdna): NM_004006.2:c.6290+3076A>G","tissue: Skeletal muscle","total RNA","Frozen muscle biopsies (~ 4 milligrams) were cut on a cryostat (20 microns) and homogenized with a 26-gauge needle in 400 microliters of 20 mM Tris*Cl pH 7.4, 150 mM NaCl, 5 mM MgCl2, 1 mM DTT, and 1% Triton X-100.  RNA was extracted using TRIzol® and precipitated with isopropanol according to the manufacturer’s instruction (Life Technologies).","Total RNA (~1 microgram) was depleted of human cytoplasmic and mitochondrial rRNA using tiling oligodeoxynucleotides and the RNase H digestion method (Adiconis et al., 2013; DOI: 10.1038/nmeth.2483).  Illumina TruSeq Stranded Total RNA library kits were used to prepare indexed libraries.","9606","14857X12_180124_D00294_0371_ACC69YANXX_1","Single-end and Paired-end FASTQ reads were preprocessed using Trimmomatic for adaptor removal and with the quality filtering/clipping MAXINFO parameter set to 50:0.2 (Bolger, Lohse, & Usadel, 2014; DOI: 10.1093/bioinformatics/btu170) .","Trimmed reads were mapped by the STAR RNA-seq aligner (version 2.7.2b; Dobin et al., 2013; DOI: 10.1093/bioinformatics/bts635) to the GRCh37/hg19 reference genome with splice junction annotations built using the basic 2-pass mapping strategy with known junctions from the GENCODE comprehensive gene annotation GTF file (Release 31lift37, https://www.gencodegenes.org) and novel junctions detected in the first pass mapping.  Sorted bam alignments files were filtered for secondary alignments and retained only uniquely mapped reads.","The featureCounts program (version 1.6.5) was used to summarize the gene level expression values as integer number (Liao et al., 2014; DOI: 10.1093/bioinformatics/btt656).","Coverage analysis used the BEDTools genomecov function with the UCSC bedGraphToBigWig utility.","Genome_build: GRCh37/hg19","Supplementary_files_format_and_content: tab-delimited text file includes raw counts for each sample extracted by featureCounts","Supplementary_files_format_and_content: bigWig coverage files from bam alignment files for each sample","GPL11154","Robert,B,Weiss","bob.weiss@genetics.utah.edu","(801) 585-5606","EIHG, Rm 2260B","Human Genetics","University of Utah","15 N 2030 E","Salt Lake City","UT","84112","USA","0","Illumina HiSeq 2000","cDNA","transcriptomic","RNA-Seq","BioSample: https://www.ncbi.nlm.nih.gov/biosample/SAMN19473684","SRA: https://www.ncbi.nlm.nih.gov/sra?term=SRX11036358","ftp://ftp.ncbi.nlm.nih.gov/geo/samples/GSM5350nnn/GSM5350075/suppl/GSM5350075_14857X12_hg19.bw","BMD","NM_004006.2:c.6290+3076A>G","mild proximal weakness, calf hypertrophy, CK 10,000s","Skeletal muscle"
"GSM5350076","Type1A_Intron7 [15357X4]","GSM5350076","Public on May 06 2022","Jun 01 2021","May 06 2022","SRA","1","Skeletal muscle ","Homo sapiens","presenting symptoms (age at onset): Abnormal gait, frequent falls, difficulty climbing stairs, thigh pain (2y)","clinical diagnosis: DMD","dystrophin mutation (hgvs_genomic_grch37 of cdna): NM_004006.2:c.650-39498A>G","tissue: Skeletal muscle","total RNA","Frozen muscle biopsies (~ 4 milligrams) were cut on a cryostat (20 microns) and homogenized with a 26-gauge needle in 400 microliters of 20 mM Tris*Cl pH 7.4, 150 mM NaCl, 5 mM MgCl2, 1 mM DTT, and 1% Triton X-100.  RNA was extracted using TRIzol® and precipitated with isopropanol according to the manufacturer’s instruction (Life Technologies).","Total RNA (~1 microgram) was depleted of human cytoplasmic and mitochondrial rRNA using tiling oligodeoxynucleotides and the RNase H digestion method (Adiconis et al., 2013; DOI: 10.1038/nmeth.2483).  Illumina TruSeq Stranded Total RNA library kits were used to prepare indexed libraries.","9606","15357X4_180823_D00294_0406_ACCFW3ANXX_3","Single-end and Paired-end FASTQ reads were preprocessed using Trimmomatic for adaptor removal and with the quality filtering/clipping MAXINFO parameter set to 50:0.2 (Bolger, Lohse, & Usadel, 2014; DOI: 10.1093/bioinformatics/btu170) .","Trimmed reads were mapped by the STAR RNA-seq aligner (version 2.7.2b; Dobin et al., 2013; DOI: 10.1093/bioinformatics/bts635) to the GRCh37/hg19 reference genome with splice junction annotations built using the basic 2-pass mapping strategy with known junctions from the GENCODE comprehensive gene annotation GTF file (Release 31lift37, https://www.gencodegenes.org) and novel junctions detected in the first pass mapping.  Sorted bam alignments files were filtered for secondary alignments and retained only uniquely mapped reads.","The featureCounts program (version 1.6.5) was used to summarize the gene level expression values as integer number (Liao et al., 2014; DOI: 10.1093/bioinformatics/btt656).","Coverage analysis used the BEDTools genomecov function with the UCSC bedGraphToBigWig utility.","Genome_build: GRCh37/hg19","Supplementary_files_format_and_content: tab-delimited text file includes raw counts for each sample extracted by featureCounts","Supplementary_files_format_and_content: bigWig coverage files from bam alignment files for each sample","GPL11154","Robert,B,Weiss","bob.weiss@genetics.utah.edu","(801) 585-5606","EIHG, Rm 2260B","Human Genetics","University of Utah","15 N 2030 E","Salt Lake City","UT","84112","USA","0","Illumina HiSeq 2000","cDNA","transcriptomic","RNA-Seq","BioSample: https://www.ncbi.nlm.nih.gov/biosample/SAMN19473683","SRA: https://www.ncbi.nlm.nih.gov/sra?term=SRX11036359","ftp://ftp.ncbi.nlm.nih.gov/geo/samples/GSM5350nnn/GSM5350076/suppl/GSM5350076_15357X4_hg19.bw","DMD","NM_004006.2:c.650-39498A>G","Abnormal gait, frequent falls, difficulty climbing stairs, thigh pain (2y)","Skeletal muscle"
"GSM5350077","Type1A_Intron38 [16244X3]","GSM5350077","Public on May 06 2022","Jun 01 2021","May 06 2022","SRA","1","Skeletal muscle ","Homo sapiens","presenting symptoms (age at onset): Gross motor delay (10m)","clinical diagnosis: DMD","dystrophin mutation (hgvs_genomic_grch37 of cdna): NM_004006.2:c.5448+67A>G","tissue: Skeletal muscle","total RNA","Frozen muscle biopsies (~ 4 milligrams) were cut on a cryostat (20 microns) and homogenized with a 26-gauge needle in 400 microliters of 20 mM Tris*Cl pH 7.4, 150 mM NaCl, 5 mM MgCl2, 1 mM DTT, and 1% Triton X-100.  RNA was extracted using TRIzol® and precipitated with isopropanol according to the manufacturer’s instruction (Life Technologies).","Total RNA (~1 microgram) was depleted of human cytoplasmic and mitochondrial rRNA using tiling oligodeoxynucleotides and the RNase H digestion method (Adiconis et al., 2013; DOI: 10.1038/nmeth.2483).  Illumina TruSeq Stranded Total RNA library kits were used to prepare indexed libraries.","9606","16244X3_190808_D00550_0569_ACDY98ANXX_S32_L004","Single-end and Paired-end FASTQ reads were preprocessed using Trimmomatic for adaptor removal and with the quality filtering/clipping MAXINFO parameter set to 50:0.2 (Bolger, Lohse, & Usadel, 2014; DOI: 10.1093/bioinformatics/btu170) .","Trimmed reads were mapped by the STAR RNA-seq aligner (version 2.7.2b; Dobin et al., 2013; DOI: 10.1093/bioinformatics/bts635) to the GRCh37/hg19 reference genome with splice junction annotations built using the basic 2-pass mapping strategy with known junctions from the GENCODE comprehensive gene annotation GTF file (Release 31lift37, https://www.gencodegenes.org) and novel junctions detected in the first pass mapping.  Sorted bam alignments files were filtered for secondary alignments and retained only uniquely mapped reads.","The featureCounts program (version 1.6.5) was used to summarize the gene level expression values as integer number (Liao et al., 2014; DOI: 10.1093/bioinformatics/btt656).","Coverage analysis used the BEDTools genomecov function with the UCSC bedGraphToBigWig utility.","Genome_build: GRCh37/hg19","Supplementary_files_format_and_content: tab-delimited text file includes raw counts for each sample extracted by featureCounts","Supplementary_files_format_and_content: bigWig coverage files from bam alignment files for each sample","GPL11154","Robert,B,Weiss","bob.weiss@genetics.utah.edu","(801) 585-5606","EIHG, Rm 2260B","Human Genetics","University of Utah","15 N 2030 E","Salt Lake City","UT","84112","USA","0","Illumina HiSeq 2000","cDNA","transcriptomic","RNA-Seq","BioSample: https://www.ncbi.nlm.nih.gov/biosample/SAMN19473682","SRA: https://www.ncbi.nlm.nih.gov/sra?term=SRX11036360","ftp://ftp.ncbi.nlm.nih.gov/geo/samples/GSM5350nnn/GSM5350077/suppl/GSM5350077_16244X3_hg19.bw","DMD","NM_004006.2:c.5448+67A>G","Gross motor delay (10m)","Skeletal muscle"
"GSM5350078","unaffected [11885X6]","GSM5350078","Public on May 06 2022","Jun 01 2021","May 06 2022","SRA","1","Skeletal muscle ","Homo sapiens","presenting symptoms (age at onset): none","clinical diagnosis: unaffected, 9 yrs","dystrophin mutation (hgvs_genomic_grch37 of cdna): no mutation","tissue: Skeletal muscle","total RNA","Frozen muscle biopsies (~ 4 milligrams) were cut on a cryostat (20 microns) and homogenized with a 26-gauge needle in 400 microliters of 20 mM Tris*Cl pH 7.4, 150 mM NaCl, 5 mM MgCl2, 1 mM DTT, and 1% Triton X-100.  RNA was extracted using TRIzol® and precipitated with isopropanol according to the manufacturer’s instruction (Life Technologies).","Total RNA (~1 microgram) was depleted of human cytoplasmic and mitochondrial rRNA using tiling oligodeoxynucleotides and the RNase H digestion method (Adiconis et al., 2013; DOI: 10.1038/nmeth.2483).  Illumina TruSeq Stranded Total RNA library kits were used to prepare indexed libraries.","9606","11885X6_151016_D00550_0296_BC7HLRANXX_3","Single-end and Paired-end FASTQ reads were preprocessed using Trimmomatic for adaptor removal and with the quality filtering/clipping MAXINFO parameter set to 50:0.2 (Bolger, Lohse, & Usadel, 2014; DOI: 10.1093/bioinformatics/btu170) .","Trimmed reads were mapped by the STAR RNA-seq aligner (version 2.7.2b; Dobin et al., 2013; DOI: 10.1093/bioinformatics/bts635) to the GRCh37/hg19 reference genome with splice junction annotations built using the basic 2-pass mapping strategy with known junctions from the GENCODE comprehensive gene annotation GTF file (Release 31lift37, https://www.gencodegenes.org) and novel junctions detected in the first pass mapping.  Sorted bam alignments files were filtered for secondary alignments and retained only uniquely mapped reads.","The featureCounts program (version 1.6.5) was used to summarize the gene level expression values as integer number (Liao et al., 2014; DOI: 10.1093/bioinformatics/btt656).","Coverage analysis used the BEDTools genomecov function with the UCSC bedGraphToBigWig utility.","Genome_build: GRCh37/hg19","Supplementary_files_format_and_content: tab-delimited text file includes raw counts for each sample extracted by featureCounts","Supplementary_files_format_and_content: bigWig coverage files from bam alignment files for each sample","GPL11154","Robert,B,Weiss","bob.weiss@genetics.utah.edu","(801) 585-5606","EIHG, Rm 2260B","Human Genetics","University of Utah","15 N 2030 E","Salt Lake City","UT","84112","USA","0","Illumina HiSeq 2000","cDNA","transcriptomic","RNA-Seq","BioSample: https://www.ncbi.nlm.nih.gov/biosample/SAMN19473681","SRA: https://www.ncbi.nlm.nih.gov/sra?term=SRX11036361","ftp://ftp.ncbi.nlm.nih.gov/geo/samples/GSM5350nnn/GSM5350078/suppl/GSM5350078_11885X6_hg19.bw","unaffected, 9 yrs","no mutation","none","Skeletal muscle"
